month,hs_code,hs_desc,hhi,c3_share,supplier_count
2021-01-01,853400,PRINTED CIRCUITS,0.19368164589580805,0.6897038486553249,49
2021-01-01,854231,"PROCESSORS AND CONTROLLERS, ELECTRONIC INTEG CIRCT",0.42237762853986865,0.8038200082517386,50
2021-01-01,854232,"MEMORIES, ELECTRONIC INTEGRATED CIRCUITS",0.24959609464634216,0.7481879356314248,25
2021-01-01,854233,"AMPLIFIERS, ELECTRONIC INTEGRATED CIRCUITS",0.15558756297814458,0.5935061393644524,32
2021-01-01,854239,"ELECTRONIC INTEGRATED CIRCUITS, NESOI",0.15276529001216918,0.6055907573601697,50
2021-02-01,853400,PRINTED CIRCUITS,0.18535636426763744,0.6667109064287333,57
2021-02-01,854231,"PROCESSORS AND CONTROLLERS, ELECTRONIC INTEG CIRCT",0.3457412019070761,0.7721116344442812,62
2021-02-01,854232,"MEMORIES, ELECTRONIC INTEGRATED CIRCUITS",0.22586079951208304,0.6971812469570036,28
2021-02-01,854233,"AMPLIFIERS, ELECTRONIC INTEGRATED CIRCUITS",0.15865629783321084,0.58655729859962,34
2021-02-01,854239,"ELECTRONIC INTEGRATED CIRCUITS, NESOI",0.13354020480029066,0.5379436276453298,59
2021-03-01,853400,PRINTED CIRCUITS,0.19782531159133526,0.6836601560905039,63
2021-03-01,854231,"PROCESSORS AND CONTROLLERS, ELECTRONIC INTEG CIRCT",0.48646351477653504,0.8205858042901294,70
2021-03-01,854232,"MEMORIES, ELECTRONIC INTEGRATED CIRCUITS",0.25223798128047037,0.7195854845101675,34
2021-03-01,854233,"AMPLIFIERS, ELECTRONIC INTEGRATED CIRCUITS",0.16765583624923797,0.6163863362844411,41
2021-03-01,854239,"ELECTRONIC INTEGRATED CIRCUITS, NESOI",0.15316851447094582,0.5762791942997918,65
2021-04-01,853400,PRINTED CIRCUITS,0.1972943283218949,0.7006000120520594,68
2021-04-01,854231,"PROCESSORS AND CONTROLLERS, ELECTRONIC INTEG CIRCT",0.4317921783371422,0.7842961527164142,76
2021-04-01,854232,"MEMORIES, ELECTRONIC INTEGRATED CIRCUITS",0.32832946810367675,0.7477362980935113,38
2021-04-01,854233,"AMPLIFIERS, ELECTRONIC INTEGRATED CIRCUITS",0.1786463943374271,0.577415052669296,41
2021-04-01,854239,"ELECTRONIC INTEGRATED CIRCUITS, NESOI",0.13787287056403869,0.5368035610432649,69
2021-05-01,853400,PRINTED CIRCUITS,0.2101751370542629,0.7078934815174963,72
2021-05-01,854231,"PROCESSORS AND CONTROLLERS, ELECTRONIC INTEG CIRCT",0.4279094546950129,0.7697915751361071,80
2021-05-01,854232,"MEMORIES, ELECTRONIC INTEGRATED CIRCUITS",0.3112799614494798,0.8286132999737068,39
2021-05-01,854233,"AMPLIFIERS, ELECTRONIC INTEGRATED CIRCUITS",0.17512569525446817,0.5829237704072118,47
2021-05-01,854239,"ELECTRONIC INTEGRATED CIRCUITS, NESOI",0.1382310732268959,0.5575833105757341,76
2021-06-01,853400,PRINTED CIRCUITS,0.19444752181801314,0.7241035061537904,78
2021-06-01,854231,"PROCESSORS AND CONTROLLERS, ELECTRONIC INTEG CIRCT",0.45877732869858034,0.8095253162421517,83
2021-06-01,854232,"MEMORIES, ELECTRONIC INTEGRATED CIRCUITS",0.319066048816658,0.8082001056178096,42
2021-06-01,854233,"AMPLIFIERS, ELECTRONIC INTEGRATED CIRCUITS",0.15967955163691835,0.6142049195080711,48
2021-06-01,854239,"ELECTRONIC INTEGRATED CIRCUITS, NESOI",0.14666972105469833,0.5945920756471058,79
2021-07-01,853400,PRINTED CIRCUITS,0.2030721241434384,0.7098602283912668,79
2021-07-01,854231,"PROCESSORS AND CONTROLLERS, ELECTRONIC INTEG CIRCT",0.41124418598150797,0.7611623380540613,85
2021-07-01,854232,"MEMORIES, ELECTRONIC INTEGRATED CIRCUITS",0.31050026376341555,0.8071564824924562,45
2021-07-01,854233,"AMPLIFIERS, ELECTRONIC INTEGRATED CIRCUITS",0.13949694347636282,0.5247397589913465,51
2021-07-01,854239,"ELECTRONIC INTEGRATED CIRCUITS, NESOI",0.14126105682948933,0.5600711107965806,82
2021-08-01,853400,PRINTED CIRCUITS,0.21172657900931077,0.7021475870272773,81
2021-08-01,854231,"PROCESSORS AND CONTROLLERS, ELECTRONIC INTEG CIRCT",0.4628923117149933,0.7908880112941745,89
2021-08-01,854232,"MEMORIES, ELECTRONIC INTEGRATED CIRCUITS",0.3643266440996034,0.8333245159121501,50
2021-08-01,854233,"AMPLIFIERS, ELECTRONIC INTEGRATED CIRCUITS",0.13899207323176982,0.512721825897007,51
2021-08-01,854239,"ELECTRONIC INTEGRATED CIRCUITS, NESOI",0.1520340578560327,0.5999780137750109,88
2021-09-01,853400,PRINTED CIRCUITS,0.208305127210698,0.7063701198656948,83
2021-09-01,854231,"PROCESSORS AND CONTROLLERS, ELECTRONIC INTEG CIRCT",0.35205970109030726,0.7811867483346533,93
2021-09-01,854232,"MEMORIES, ELECTRONIC INTEGRATED CIRCUITS",0.3964573768832595,0.8424588498734535,51
2021-09-01,854233,"AMPLIFIERS, ELECTRONIC INTEGRATED CIRCUITS",0.15027002540503787,0.5258936874214997,51
2021-09-01,854239,"ELECTRONIC INTEGRATED CIRCUITS, NESOI",0.13466393082910447,0.5396065813858769,90
2021-10-01,853400,PRINTED CIRCUITS,0.18776099389879863,0.6850607288398981,84
2021-10-01,854231,"PROCESSORS AND CONTROLLERS, ELECTRONIC INTEG CIRCT",0.3011477327342889,0.7172131748183231,95
2021-10-01,854232,"MEMORIES, ELECTRONIC INTEGRATED CIRCUITS",0.3535370336906538,0.8357720121455724,52
2021-10-01,854233,"AMPLIFIERS, ELECTRONIC INTEGRATED CIRCUITS",0.15930967280601832,0.5762151681281363,51
2021-10-01,854239,"ELECTRONIC INTEGRATED CIRCUITS, NESOI",0.13498504052940974,0.5469946751668238,93
2021-11-01,853400,PRINTED CIRCUITS,0.19295381668396877,0.6657828058695224,86
2021-11-01,854231,"PROCESSORS AND CONTROLLERS, ELECTRONIC INTEG CIRCT",0.28311287447275724,0.7258751848771182,95
2021-11-01,854232,"MEMORIES, ELECTRONIC INTEGRATED CIRCUITS",0.36391222787563815,0.8708025324867595,56
2021-11-01,854233,"AMPLIFIERS, ELECTRONIC INTEGRATED CIRCUITS",0.18707375821804653,0.6157419074170023,53
2021-11-01,854239,"ELECTRONIC INTEGRATED CIRCUITS, NESOI",0.14319282792201068,0.5552852202967787,96
2021-12-01,853400,PRINTED CIRCUITS,0.20163340033549107,0.6912191650776064,88
2021-12-01,854231,"PROCESSORS AND CONTROLLERS, ELECTRONIC INTEG CIRCT",0.34826198361351324,0.744078523327294,100
2021-12-01,854232,"MEMORIES, ELECTRONIC INTEGRATED CIRCUITS",0.2649583590098828,0.7732571663343857,56
2021-12-01,854233,"AMPLIFIERS, ELECTRONIC INTEGRATED CIRCUITS",0.19289766619625337,0.6080816449838384,54
2021-12-01,854239,"ELECTRONIC INTEGRATED CIRCUITS, NESOI",0.15630860353544124,0.5770033040269206,98
2022-01-01,853400,PRINTED CIRCUITS,0.22280678069810472,0.7022254369998772,48
2022-01-01,854231,"PROCESSORS AND CONTROLLERS, ELECTRONIC INTEG CIRCT",0.30244219060505745,0.7199997939028565,52
2022-01-01,854232,"MEMORIES, ELECTRONIC INTEGRATED CIRCUITS",0.2697499185151174,0.7738416199172397,37
2022-01-01,854233,"AMPLIFIERS, ELECTRONIC INTEGRATED CIRCUITS",0.17655624473193263,0.6077267161417355,33
2022-01-01,854239,"ELECTRONIC INTEGRATED CIRCUITS, NESOI",0.15393182732018912,0.6029589117645041,55
2022-02-01,853400,PRINTED CIRCUITS,0.18947867285705516,0.6561655731685538,56
2022-02-01,854231,"PROCESSORS AND CONTROLLERS, ELECTRONIC INTEG CIRCT",0.3000107991707179,0.7331990359653764,57
2022-02-01,854232,"MEMORIES, ELECTRONIC INTEGRATED CIRCUITS",0.3054593043990544,0.7745005941724665,40
2022-02-01,854233,"AMPLIFIERS, ELECTRONIC INTEGRATED CIRCUITS",0.18861011316068224,0.5936813179802267,38
2022-02-01,854239,"ELECTRONIC INTEGRATED CIRCUITS, NESOI",0.14724312255538827,0.5726699773245797,67
2022-03-01,853400,PRINTED CIRCUITS,0.19539048966242625,0.671222513297666,62
2022-03-01,854231,"PROCESSORS AND CONTROLLERS, ELECTRONIC INTEG CIRCT",0.4254329299390439,0.7756094228578266,64
2022-03-01,854232,"MEMORIES, ELECTRONIC INTEGRATED CIRCUITS",0.24646718299615228,0.745641920292486,44
2022-03-01,854233,"AMPLIFIERS, ELECTRONIC INTEGRATED CIRCUITS",0.17569490545913863,0.5644034245823494,46
2022-03-01,854239,"ELECTRONIC INTEGRATED CIRCUITS, NESOI",0.14501183853865582,0.5777920370511611,71
2022-04-01,853400,PRINTED CIRCUITS,0.20601665883916714,0.7028143675908646,66
2022-04-01,854231,"PROCESSORS AND CONTROLLERS, ELECTRONIC INTEG CIRCT",0.21037810066938128,0.6187777412847295,71
2022-04-01,854232,"MEMORIES, ELECTRONIC INTEGRATED CIRCUITS",0.2931127343879657,0.7608327321582058,46
2022-04-01,854233,"AMPLIFIERS, ELECTRONIC INTEGRATED CIRCUITS",0.16528672702369396,0.5996292846038723,48
2022-04-01,854239,"ELECTRONIC INTEGRATED CIRCUITS, NESOI",0.15900840894627755,0.593737383173862,78
2022-05-01,853400,PRINTED CIRCUITS,0.2043994838499128,0.6809568562424918,70
2022-05-01,854231,"PROCESSORS AND CONTROLLERS, ELECTRONIC INTEG CIRCT",0.2599445586366594,0.6867268239187176,76
2022-05-01,854232,"MEMORIES, ELECTRONIC INTEGRATED CIRCUITS",0.3351798765075954,0.772263148833484,51
2022-05-01,854233,"AMPLIFIERS, ELECTRONIC INTEGRATED CIRCUITS",0.1614321384379433,0.5824025097272818,50
2022-05-01,854239,"ELECTRONIC INTEGRATED CIRCUITS, NESOI",0.15017884764348405,0.602779822303294,83
2022-06-01,853400,PRINTED CIRCUITS,0.19227602036254424,0.6502228012900673,72
2022-06-01,854231,"PROCESSORS AND CONTROLLERS, ELECTRONIC INTEG CIRCT",0.24000050414064067,0.6573526981604415,78
2022-06-01,854232,"MEMORIES, ELECTRONIC INTEGRATED CIRCUITS",0.29545630025301645,0.7504671452269593,52
2022-06-01,854233,"AMPLIFIERS, ELECTRONIC INTEGRATED CIRCUITS",0.16063687111986288,0.5920678560419372,54
2022-06-01,854239,"ELECTRONIC INTEGRATED CIRCUITS, NESOI",0.1436231790478004,0.5497172579299882,90
2022-07-01,853400,PRINTED CIRCUITS,0.1990496280503721,0.6813484404692663,75
2022-07-01,854231,"PROCESSORS AND CONTROLLERS, ELECTRONIC INTEG CIRCT",0.22493071066068873,0.6508305831407847,83
2022-07-01,854232,"MEMORIES, ELECTRONIC INTEGRATED CIRCUITS",0.32063630005951615,0.7853870329917781,56
2022-07-01,854233,"AMPLIFIERS, ELECTRONIC INTEGRATED CIRCUITS",0.16961995018402046,0.6142097362979406,54
2022-07-01,854239,"ELECTRONIC INTEGRATED CIRCUITS, NESOI",0.17422398546247914,0.5951219647089172,92
2022-08-01,853400,PRINTED CIRCUITS,0.17143379705000683,0.6441782112853326,76
2022-08-01,854231,"PROCESSORS AND CONTROLLERS, ELECTRONIC INTEG CIRCT",0.1618869073312329,0.5695354724590557,88
2022-08-01,854232,"MEMORIES, ELECTRONIC INTEGRATED CIRCUITS",0.23981878019536465,0.765001778786954,57
2022-08-01,854233,"AMPLIFIERS, ELECTRONIC INTEGRATED CIRCUITS",0.16386996047654967,0.5975131135001842,55
2022-08-01,854239,"ELECTRONIC INTEGRATED CIRCUITS, NESOI",0.139373550752784,0.543713087161301,93
2022-09-01,853400,PRINTED CIRCUITS,0.18484568623489436,0.6540309279565673,77
2022-09-01,854231,"PROCESSORS AND CONTROLLERS, ELECTRONIC INTEG CIRCT",0.1786447445864894,0.6070522817155568,91
2022-09-01,854232,"MEMORIES, ELECTRONIC INTEGRATED CIRCUITS",0.2530622314292043,0.8086728958186253,60
2022-09-01,854233,"AMPLIFIERS, ELECTRONIC INTEGRATED CIRCUITS",0.19535036674791223,0.6180551215783884,57
2022-09-01,854239,"ELECTRONIC INTEGRATED CIRCUITS, NESOI",0.1468970646173368,0.588850548192182,99
2022-10-01,853400,PRINTED CIRCUITS,0.20045278406743988,0.6857519920527442,79
2022-10-01,854231,"PROCESSORS AND CONTROLLERS, ELECTRONIC INTEG CIRCT",0.20242783377693058,0.6402598628344005,94
2022-10-01,854232,"MEMORIES, ELECTRONIC INTEGRATED CIRCUITS",0.22330065657896359,0.763413815236317,60
2022-10-01,854233,"AMPLIFIERS, ELECTRONIC INTEGRATED CIRCUITS",0.1972134589897885,0.6227391404135137,57
2022-10-01,854239,"ELECTRONIC INTEGRATED CIRCUITS, NESOI",0.1427708835642942,0.5596352353916878,99
2022-11-01,853400,PRINTED CIRCUITS,0.19602379989303362,0.670010995102809,80
2022-11-01,854231,"PROCESSORS AND CONTROLLERS, ELECTRONIC INTEG CIRCT",0.17889103460276143,0.5818999386296646,95
2022-11-01,854232,"MEMORIES, ELECTRONIC INTEGRATED CIRCUITS",0.2529855505772865,0.802909432486928,62
2022-11-01,854233,"AMPLIFIERS, ELECTRONIC INTEGRATED CIRCUITS",0.18137377037864158,0.6353560385803612,58
2022-11-01,854239,"ELECTRONIC INTEGRATED CIRCUITS, NESOI",0.16561689096803967,0.6046181095832115,104
2022-12-01,853400,PRINTED CIRCUITS,0.17444862579640327,0.6454067189079494,82
2022-12-01,854231,"PROCESSORS AND CONTROLLERS, ELECTRONIC INTEG CIRCT",0.1589055909637429,0.5765799494838082,96
2022-12-01,854232,"MEMORIES, ELECTRONIC INTEGRATED CIRCUITS",0.19866922013915939,0.7331258443552569,65
2022-12-01,854233,"AMPLIFIERS, ELECTRONIC INTEGRATED CIRCUITS",0.17863133930128766,0.6056029819227596,58
2022-12-01,854239,"ELECTRONIC INTEGRATED CIRCUITS, NESOI",0.16551076342939408,0.6246972710639656,106
2023-01-01,853400,PRINTED CIRCUITS,0.19178382059809454,0.6719339633179039,52
2023-01-01,854231,"PROCESSORS AND CONTROLLERS, ELECTRONIC INTEG CIRCT",0.17599771589267652,0.590346437217247,57
2023-01-01,854232,"MEMORIES, ELECTRONIC INTEGRATED CIRCUITS",0.2358617612313948,0.7698466956313558,27
2023-01-01,854233,"AMPLIFIERS, ELECTRONIC INTEGRATED CIRCUITS",0.1843876232814739,0.6444181453637625,29
2023-01-01,854239,"ELECTRONIC INTEGRATED CIRCUITS, NESOI",0.15659773419007506,0.5750920772690076,54
2023-02-01,853400,PRINTED CIRCUITS,0.17875841218169142,0.6637312704042073,56
2023-02-01,854231,"PROCESSORS AND CONTROLLERS, ELECTRONIC INTEG CIRCT",0.16147682562947796,0.5592265334463139,68
2023-02-01,854232,"MEMORIES, ELECTRONIC INTEGRATED CIRCUITS",0.24187726281620442,0.7460757242962743,33
2023-02-01,854233,"AMPLIFIERS, ELECTRONIC INTEGRATED CIRCUITS",0.18780726145067278,0.6305687159515565,35
2023-02-01,854239,"ELECTRONIC INTEGRATED CIRCUITS, NESOI",0.1795548525317942,0.6174124812343791,60
2023-03-01,853400,PRINTED CIRCUITS,0.17321221851170449,0.6189171090125225,65
2023-03-01,854231,"PROCESSORS AND CONTROLLERS, ELECTRONIC INTEG CIRCT",0.16415867404574871,0.5982976855163132,74
2023-03-01,854232,"MEMORIES, ELECTRONIC INTEGRATED CIRCUITS",0.2622111105085598,0.7702336832032597,38
2023-03-01,854233,"AMPLIFIERS, ELECTRONIC INTEGRATED CIRCUITS",0.178028505604736,0.6128197534847212,37
2023-03-01,854239,"ELECTRONIC INTEGRATED CIRCUITS, NESOI",0.1636849215615692,0.6033648589699059,66
2023-04-01,853400,PRINTED CIRCUITS,0.1683994631512091,0.6049829149762204,67
2023-04-01,854231,"PROCESSORS AND CONTROLLERS, ELECTRONIC INTEG CIRCT",0.14742711842404183,0.5917357098355114,82
2023-04-01,854232,"MEMORIES, ELECTRONIC INTEGRATED CIRCUITS",0.1853682487090105,0.6613799972489042,41
2023-04-01,854233,"AMPLIFIERS, ELECTRONIC INTEGRATED CIRCUITS",0.15956734220590002,0.5792613058141562,39
2023-04-01,854239,"ELECTRONIC INTEGRATED CIRCUITS, NESOI",0.1772593342283791,0.6230112157345359,72
2023-05-01,853400,PRINTED CIRCUITS,0.1623372785609564,0.6159957481498801,69
2023-05-01,854231,"PROCESSORS AND CONTROLLERS, ELECTRONIC INTEG CIRCT",0.141753206962248,0.5544045519572636,83
2023-05-01,854232,"MEMORIES, ELECTRONIC INTEGRATED CIRCUITS",0.22835989355475958,0.7458616706657035,44
2023-05-01,854233,"AMPLIFIERS, ELECTRONIC INTEGRATED CIRCUITS",0.15347392619263242,0.5752251745686948,43
2023-05-01,854239,"ELECTRONIC INTEGRATED CIRCUITS, NESOI",0.17150415993485205,0.6224626848252779,74
2023-06-01,853400,PRINTED CIRCUITS,0.17048201696552687,0.6226193304870216,69
2023-06-01,854231,"PROCESSORS AND CONTROLLERS, ELECTRONIC INTEG CIRCT",0.14585845646362233,0.5399916698042734,83
2023-06-01,854232,"MEMORIES, ELECTRONIC INTEGRATED CIRCUITS",0.2068408103958521,0.7290308349325012,49
2023-06-01,854233,"AMPLIFIERS, ELECTRONIC INTEGRATED CIRCUITS",0.18335433732906706,0.6339973616252896,44
2023-06-01,854239,"ELECTRONIC INTEGRATED CIRCUITS, NESOI",0.15065340527686533,0.5920118042868416,75
2023-07-01,853400,PRINTED CIRCUITS,0.16361988933067315,0.6033093223330226,72
2023-07-01,854231,"PROCESSORS AND CONTROLLERS, ELECTRONIC INTEG CIRCT",0.17730673543974998,0.5865951006669876,87
2023-07-01,854232,"MEMORIES, ELECTRONIC INTEGRATED CIRCUITS",0.2245725079765447,0.7736696423154069,51
2023-07-01,854233,"AMPLIFIERS, ELECTRONIC INTEGRATED CIRCUITS",0.17719227528884005,0.6033662869003282,45
2023-07-01,854239,"ELECTRONIC INTEGRATED CIRCUITS, NESOI",0.16157166524212416,0.6028456667917246,79
2023-08-01,853400,PRINTED CIRCUITS,0.17223722460464166,0.5985739250090435,72
2023-08-01,854231,"PROCESSORS AND CONTROLLERS, ELECTRONIC INTEG CIRCT",0.1340030274511306,0.5231028216537527,88
2023-08-01,854232,"MEMORIES, ELECTRONIC INTEGRATED CIRCUITS",0.22231312100293332,0.7607237801019561,51
2023-08-01,854233,"AMPLIFIERS, ELECTRONIC INTEGRATED CIRCUITS",0.15460587180040913,0.5924986393001779,47
2023-08-01,854239,"ELECTRONIC INTEGRATED CIRCUITS, NESOI",0.15059854878771883,0.6031354963483612,83
2023-09-01,853400,PRINTED CIRCUITS,0.15462471263309463,0.5690791666434813,74
2023-09-01,854231,"PROCESSORS AND CONTROLLERS, ELECTRONIC INTEG CIRCT",0.1763890546369769,0.6188091488033216,91
2023-09-01,854232,"MEMORIES, ELECTRONIC INTEGRATED CIRCUITS",0.23957837346188313,0.7481549120229906,51
2023-09-01,854233,"AMPLIFIERS, ELECTRONIC INTEGRATED CIRCUITS",0.16586733755483085,0.5921047187028022,50
2023-09-01,854239,"ELECTRONIC INTEGRATED CIRCUITS, NESOI",0.17140060306956453,0.6241664069401915,85
2023-10-01,853400,PRINTED CIRCUITS,0.16677159517483903,0.6014830972112892,77
2023-10-01,854231,"PROCESSORS AND CONTROLLERS, ELECTRONIC INTEG CIRCT",0.16221885609448472,0.6239226934044403,91
2023-10-01,854232,"MEMORIES, ELECTRONIC INTEGRATED CIRCUITS",0.21946215019432033,0.6763115504319444,52
2023-10-01,854233,"AMPLIFIERS, ELECTRONIC INTEGRATED CIRCUITS",0.16753481601702283,0.5869313501306641,53
2023-10-01,854239,"ELECTRONIC INTEGRATED CIRCUITS, NESOI",0.15207582438920425,0.5911856261376867,87
2023-11-01,853400,PRINTED CIRCUITS,0.16203807114276944,0.6004403584478446,78
2023-11-01,854231,"PROCESSORS AND CONTROLLERS, ELECTRONIC INTEG CIRCT",0.14953273062431383,0.5912469614344678,93
2023-11-01,854232,"MEMORIES, ELECTRONIC INTEGRATED CIRCUITS",0.23348168759627294,0.6772050149503829,52
2023-11-01,854233,"AMPLIFIERS, ELECTRONIC INTEGRATED CIRCUITS",0.15720439551435916,0.5781969607789421,53
2023-11-01,854239,"ELECTRONIC INTEGRATED CIRCUITS, NESOI",0.14698898613337497,0.5908033559881564,89
2023-12-01,853400,PRINTED CIRCUITS,0.16532464944045744,0.6137524212302413,80
2023-12-01,854231,"PROCESSORS AND CONTROLLERS, ELECTRONIC INTEG CIRCT",0.23504696865460312,0.6810189584470635,93
2023-12-01,854232,"MEMORIES, ELECTRONIC INTEGRATED CIRCUITS",0.24573553031133286,0.7046876832333135,54
2023-12-01,854233,"AMPLIFIERS, ELECTRONIC INTEGRATED CIRCUITS",0.15527208832716977,0.5884213659168174,54
2023-12-01,854239,"ELECTRONIC INTEGRATED CIRCUITS, NESOI",0.137808483733085,0.5819144167196897,92
2024-01-01,853400,PRINTED CIRCUITS,0.21761198801961062,0.7045076746579028,53
2024-01-01,854231,"PROCESSORS AND CONTROLLERS, ELECTRONIC INTEG CIRCT",0.16682424099235502,0.6424843646115851,54
2024-01-01,854232,"MEMORIES, ELECTRONIC INTEGRATED CIRCUITS",0.23041923351278243,0.7317040350129224,27
2024-01-01,854233,"AMPLIFIERS, ELECTRONIC INTEGRATED CIRCUITS",0.1930019073866952,0.6586635158005701,31
2024-01-01,854239,"ELECTRONIC INTEGRATED CIRCUITS, NESOI",0.1692087704880773,0.6226459823021016,51
2024-02-01,853400,PRINTED CIRCUITS,0.18318728844565474,0.6463467407753772,60
2024-02-01,854231,"PROCESSORS AND CONTROLLERS, ELECTRONIC INTEG CIRCT",0.160375962723307,0.6543707176389598,59
2024-02-01,854232,"MEMORIES, ELECTRONIC INTEGRATED CIRCUITS",0.21538822803090396,0.7309101696966368,36
2024-02-01,854233,"AMPLIFIERS, ELECTRONIC INTEGRATED CIRCUITS",0.1607048341892991,0.5906482842670121,36
2024-02-01,854239,"ELECTRONIC INTEGRATED CIRCUITS, NESOI",0.15057663582547529,0.5873703292912136,56
2024-03-01,853400,PRINTED CIRCUITS,0.188676718264064,0.651367586631912,63
2024-03-01,854231,"PROCESSORS AND CONTROLLERS, ELECTRONIC INTEG CIRCT",0.1903046271225897,0.702477841341205,66
2024-03-01,854232,"MEMORIES, ELECTRONIC INTEGRATED CIRCUITS",0.22580671281334064,0.7184838595330528,41
2024-03-01,854233,"AMPLIFIERS, ELECTRONIC INTEGRATED CIRCUITS",0.22634441842211522,0.7042256462302291,37
2024-03-01,854239,"ELECTRONIC INTEGRATED CIRCUITS, NESOI",0.14474687297777328,0.600760049123909,61
2024-04-01,853400,PRINTED CIRCUITS,0.19681996384571204,0.6644770725604433,72
2024-04-01,854231,"PROCESSORS AND CONTROLLERS, ELECTRONIC INTEG CIRCT",0.19596632847680734,0.6940563262122469,68
2024-04-01,854232,"MEMORIES, ELECTRONIC INTEGRATED CIRCUITS",0.2494250753366871,0.774157417110392,44
2024-04-01,854233,"AMPLIFIERS, ELECTRONIC INTEGRATED CIRCUITS",0.1939592787327011,0.6609173796231959,40
2024-04-01,854239,"ELECTRONIC INTEGRATED CIRCUITS, NESOI",0.16206893242013556,0.568496841891401,64
2024-05-01,853400,PRINTED CIRCUITS,0.1826360387332113,0.6442857105610404,74
2024-05-01,854231,"PROCESSORS AND CONTROLLERS, ELECTRONIC INTEG CIRCT",0.18142743694095645,0.6825157173799636,71
2024-05-01,854232,"MEMORIES, ELECTRONIC INTEGRATED CIRCUITS",0.2438743574304125,0.7653047581273541,44
2024-05-01,854233,"AMPLIFIERS, ELECTRONIC INTEGRATED CIRCUITS",0.16235177810039497,0.5784284281368806,41
2024-05-01,854239,"ELECTRONIC INTEGRATED CIRCUITS, NESOI",0.14207367321632247,0.5831916693190278,67
2024-06-01,853400,PRINTED CIRCUITS,0.20840690505422188,0.6848572967819292,78
2024-06-01,854231,"PROCESSORS AND CONTROLLERS, ELECTRONIC INTEG CIRCT",0.17151938320783533,0.6751355653050536,74
2024-06-01,854232,"MEMORIES, ELECTRONIC INTEGRATED CIRCUITS",0.22909232783741362,0.7283622860424419,46
2024-06-01,854233,"AMPLIFIERS, ELECTRONIC INTEGRATED CIRCUITS",0.18001076490568127,0.6402131462591368,43
2024-06-01,854239,"ELECTRONIC INTEGRATED CIRCUITS, NESOI",0.1459172059466862,0.5967984876538553,71
2024-07-01,853400,PRINTED CIRCUITS,0.2113442198292904,0.6946686856775549,81
2024-07-01,854231,"PROCESSORS AND CONTROLLERS, ELECTRONIC INTEG CIRCT",0.21631845500932903,0.7181417934999126,77
2024-07-01,854232,"MEMORIES, ELECTRONIC INTEGRATED CIRCUITS",0.22893379817992307,0.7090419054510223,48
2024-07-01,854233,"AMPLIFIERS, ELECTRONIC INTEGRATED CIRCUITS",0.18533570372170396,0.6424041673101675,46
2024-07-01,854239,"ELECTRONIC INTEGRATED CIRCUITS, NESOI",0.16521692476124406,0.6244210804134798,74
2024-08-01,853400,PRINTED CIRCUITS,0.19269518403515704,0.67469607432324,85
2024-08-01,854231,"PROCESSORS AND CONTROLLERS, ELECTRONIC INTEG CIRCT",0.22627172517451952,0.7381330464246452,78
2024-08-01,854232,"MEMORIES, ELECTRONIC INTEGRATED CIRCUITS",0.23789232255376658,0.7781859027164235,50
2024-08-01,854233,"AMPLIFIERS, ELECTRONIC INTEGRATED CIRCUITS",0.14299073206935287,0.5718665460679713,48
2024-08-01,854239,"ELECTRONIC INTEGRATED CIRCUITS, NESOI",0.13766802647645032,0.5732216163095027,78
2024-09-01,853400,PRINTED CIRCUITS,0.16225896621225375,0.599813416670296,85
2024-09-01,854231,"PROCESSORS AND CONTROLLERS, ELECTRONIC INTEG CIRCT",0.19693386591817663,0.7268194637163903,80
2024-09-01,854232,"MEMORIES, ELECTRONIC INTEGRATED CIRCUITS",0.2217129687122375,0.7739738471954107,50
2024-09-01,854233,"AMPLIFIERS, ELECTRONIC INTEGRATED CIRCUITS",0.1300828647495138,0.5110244002827693,48
2024-09-01,854239,"ELECTRONIC INTEGRATED CIRCUITS, NESOI",0.15703026732472872,0.6299633751975091,81
2024-10-01,853400,PRINTED CIRCUITS,0.18452596775015537,0.6438793045648362,88
2024-10-01,854231,"PROCESSORS AND CONTROLLERS, ELECTRONIC INTEG CIRCT",0.22686182373047906,0.7271341254048976,82
2024-10-01,854232,"MEMORIES, ELECTRONIC INTEGRATED CIRCUITS",0.19558141232394516,0.6906694223822418,50
2024-10-01,854233,"AMPLIFIERS, ELECTRONIC INTEGRATED CIRCUITS",0.146376379627164,0.5591180822354493,49
2024-10-01,854239,"ELECTRONIC INTEGRATED CIRCUITS, NESOI",0.18236763044239596,0.6453696635197101,84
2024-11-01,853400,PRINTED CIRCUITS,0.19564966222901103,0.6718291848185676,89
2024-11-01,854231,"PROCESSORS AND CONTROLLERS, ELECTRONIC INTEG CIRCT",0.18609995908462293,0.6790025406051244,84
2024-11-01,854232,"MEMORIES, ELECTRONIC INTEGRATED CIRCUITS",0.2242773113427439,0.7346146717904194,52
2024-11-01,854233,"AMPLIFIERS, ELECTRONIC INTEGRATED CIRCUITS",0.12565694151417378,0.5106075877641736,50
2024-11-01,854239,"ELECTRONIC INTEGRATED CIRCUITS, NESOI",0.13011102922885856,0.5425406183764033,86
2024-12-01,853400,PRINTED CIRCUITS,0.20421729543697986,0.6717238427835965,90
2024-12-01,854231,"PROCESSORS AND CONTROLLERS, ELECTRONIC INTEG CIRCT",0.19484071281201093,0.7203046175039444,87
2024-12-01,854232,"MEMORIES, ELECTRONIC INTEGRATED CIRCUITS",0.18898932663695972,0.6695287138865691,54
2024-12-01,854233,"AMPLIFIERS, ELECTRONIC INTEGRATED CIRCUITS",0.1566821466975621,0.5795663666908802,52
2024-12-01,854239,"ELECTRONIC INTEGRATED CIRCUITS, NESOI",0.15357414846393547,0.5749692111134925,89
2025-01-01,853400,PRINTED CIRCUITS,0.21631285668526185,0.6987889610878714,49
2025-01-01,854231,"PROCESSORS AND CONTROLLERS, ELECTRONIC INTEG CIRCT",0.2065027556942902,0.7017908439001266,56
2025-01-01,854232,"MEMORIES, ELECTRONIC INTEGRATED CIRCUITS",0.17064864841463162,0.6297917954979807,30
2025-01-01,854233,"AMPLIFIERS, ELECTRONIC INTEGRATED CIRCUITS",0.1651255972561598,0.6009043986222468,32
2025-01-01,854239,"ELECTRONIC INTEGRATED CIRCUITS, NESOI",0.13401348666738164,0.5603394607938514,52
2025-02-01,853400,PRINTED CIRCUITS,0.2459966902753383,0.7032016179128865,56
2025-02-01,854231,"PROCESSORS AND CONTROLLERS, ELECTRONIC INTEG CIRCT",0.2005095142064101,0.7365556817764184,59
2025-02-01,854232,"MEMORIES, ELECTRONIC INTEGRATED CIRCUITS",0.19188042011958326,0.6512526496291604,35
2025-02-01,854233,"AMPLIFIERS, ELECTRONIC INTEGRATED CIRCUITS",0.1560654467049022,0.5939955828176205,36
2025-02-01,854239,"ELECTRONIC INTEGRATED CIRCUITS, NESOI",0.1395037382565491,0.5727618330509727,60
2025-03-01,853400,PRINTED CIRCUITS,0.31906584538666544,0.7603535173931516,58
2025-03-01,854231,"PROCESSORS AND CONTROLLERS, ELECTRONIC INTEG CIRCT",0.2207077864245583,0.7451642660939386,64
2025-03-01,854232,"MEMORIES, ELECTRONIC INTEGRATED CIRCUITS",0.19298758552927364,0.6947360514441492,40
2025-03-01,854233,"AMPLIFIERS, ELECTRONIC INTEGRATED CIRCUITS",0.14851346349560562,0.5724407654057317,36
2025-03-01,854239,"ELECTRONIC INTEGRATED CIRCUITS, NESOI",0.14880369726058956,0.5759256521233433,63
2025-04-01,853400,PRINTED CIRCUITS,0.2322928757380199,0.7097305896296645,62
2025-04-01,854231,"PROCESSORS AND CONTROLLERS, ELECTRONIC INTEG CIRCT",0.21556095047803034,0.7264523177342197,68
2025-04-01,854232,"MEMORIES, ELECTRONIC INTEGRATED CIRCUITS",0.19375949636801076,0.6925748778104122,41
2025-04-01,854233,"AMPLIFIERS, ELECTRONIC INTEGRATED CIRCUITS",0.142699190963969,0.5783038076634865,39
2025-04-01,854239,"ELECTRONIC INTEGRATED CIRCUITS, NESOI",0.1595313590635179,0.6076540816688372,67
2025-05-01,853400,PRINTED CIRCUITS,0.19806682388646768,0.66128576068944,66
2025-05-01,854231,"PROCESSORS AND CONTROLLERS, ELECTRONIC INTEG CIRCT",0.22719367171784274,0.7301977885109152,73
2025-05-01,854232,"MEMORIES, ELECTRONIC INTEGRATED CIRCUITS",0.2745106704963501,0.7626241813028097,43
2025-05-01,854233,"AMPLIFIERS, ELECTRONIC INTEGRATED CIRCUITS",0.13767170607436424,0.5529098707412212,43
2025-05-01,854239,"ELECTRONIC INTEGRATED CIRCUITS, NESOI",0.13555629376182926,0.5395867832467582,70
2025-06-01,853400,PRINTED CIRCUITS,0.23624578986338624,0.7262591711836615,67
2025-06-01,854231,"PROCESSORS AND CONTROLLERS, ELECTRONIC INTEG CIRCT",0.21567877838164926,0.7118884484743566,77
2025-06-01,854232,"MEMORIES, ELECTRONIC INTEGRATED CIRCUITS",0.38234746185502355,0.858478614685001,43
2025-06-01,854233,"AMPLIFIERS, ELECTRONIC INTEGRATED CIRCUITS",0.13291411979852985,0.5390398051313611,46
2025-06-01,854239,"ELECTRONIC INTEGRATED CIRCUITS, NESOI",0.12643087964588323,0.5551619256188796,73
2025-07-01,853400,PRINTED CIRCUITS,0.17534517606165928,0.6492870830875122,70
2025-07-01,854231,"PROCESSORS AND CONTROLLERS, ELECTRONIC INTEG CIRCT",0.20901060786373882,0.7294506137486035,78
2025-07-01,854232,"MEMORIES, ELECTRONIC INTEGRATED CIRCUITS",0.2645850281753726,0.7695317860568837,45
2025-07-01,854233,"AMPLIFIERS, ELECTRONIC INTEGRATED CIRCUITS",0.1325386392901038,0.5432488817124103,46
2025-07-01,854239,"ELECTRONIC INTEGRATED CIRCUITS, NESOI",0.11605109982194234,0.47872363304620175,76
2025-08-01,853400,PRINTED CIRCUITS,0.18245980409876414,0.6400353790295179,70
2025-08-01,854231,"PROCESSORS AND CONTROLLERS, ELECTRONIC INTEG CIRCT",0.2033216159462651,0.7070387316621625,80
2025-08-01,854232,"MEMORIES, ELECTRONIC INTEGRATED CIRCUITS",0.3016207780074653,0.7568285684225561,47
2025-08-01,854233,"AMPLIFIERS, ELECTRONIC INTEGRATED CIRCUITS",0.1294112834887173,0.5476432541727635,46
2025-08-01,854239,"ELECTRONIC INTEGRATED CIRCUITS, NESOI",0.14723041761150574,0.5437674208364003,78
2025-09-01,853400,PRINTED CIRCUITS,0.1843026454657679,0.647615831763321,71
2025-09-01,854231,"PROCESSORS AND CONTROLLERS, ELECTRONIC INTEG CIRCT",0.18734634280047116,0.6895593740888876,81
2025-09-01,854232,"MEMORIES, ELECTRONIC INTEGRATED CIRCUITS",0.24414460933904936,0.7823626200382121,47
2025-09-01,854233,"AMPLIFIERS, ELECTRONIC INTEGRATED CIRCUITS",0.14003354756551578,0.5769458409095891,46
2025-09-01,854239,"ELECTRONIC INTEGRATED CIRCUITS, NESOI",0.17642198586198057,0.5846227569397652,78
2025-10-01,853400,PRINTED CIRCUITS,0.19285949505926117,0.6534691062595748,71
2025-10-01,854231,"PROCESSORS AND CONTROLLERS, ELECTRONIC INTEG CIRCT",0.21272243917471192,0.7495890153771343,81
2025-10-01,854232,"MEMORIES, ELECTRONIC INTEGRATED CIRCUITS",0.23552013173151665,0.7513107772340338,48
2025-10-01,854233,"AMPLIFIERS, ELECTRONIC INTEGRATED CIRCUITS",0.12588909344035154,0.5251635030862889,46
2025-10-01,854239,"ELECTRONIC INTEGRATED CIRCUITS, NESOI",0.16552622749468224,0.5928317626310327,79
2025-11-01,853400,PRINTED CIRCUITS,0.17544210194133558,0.6403484176549372,73
2025-11-01,854231,"PROCESSORS AND CONTROLLERS, ELECTRONIC INTEG CIRCT",0.21952904467803974,0.7447937007391249,83
2025-11-01,854232,"MEMORIES, ELECTRONIC INTEGRATED CIRCUITS",0.3013691004369343,0.8235159130398009,49
2025-11-01,854233,"AMPLIFIERS, ELECTRONIC INTEGRATED CIRCUITS",0.1417585523642499,0.5851014794666923,47
2025-11-01,854239,"ELECTRONIC INTEGRATED CIRCUITS, NESOI",0.1666909558939056,0.5888704762573628,82
2025-12-01,853400,PRINTED CIRCUITS,0.1837279591426865,0.6423273135638654,76
2025-12-01,854231,"PROCESSORS AND CONTROLLERS, ELECTRONIC INTEG CIRCT",0.23859275401963084,0.765114852341366,84
2025-12-01,854232,"MEMORIES, ELECTRONIC INTEGRATED CIRCUITS",0.26699148924640154,0.8360994748285063,51
2025-12-01,854233,"AMPLIFIERS, ELECTRONIC INTEGRATED CIRCUITS",0.145289214909303,0.5559752163185887,48
2025-12-01,854239,"ELECTRONIC INTEGRATED CIRCUITS, NESOI",0.16344177120804734,0.5838090285909744,83
